{"cameraMode":{"drawMode":0,"name":"Shaded","section":"Shading Mode"},"sceneLighting":false,"audioPlay":false,"sceneViewState":{"m_AlwaysRefresh":false,"showFog":true,"showSkybox":false,"showFlares":true,"showImageEffects":true,"showParticleSystems":true,"showVisualEffectGraphs":true,"m_FxEnabled":true},"in2DMode":false,"pivot":{"x":1.5641109943389893,"y":0.19218111038208009,"z":2.8766486644744875},"rotation":{"x":0.025331761687994005,"y":-0.9503921866416931,"z":0.08029856532812119,"w":0.2989865839481354},"size":0.592790961265564,"orthographic":false}