{"cameraMode":{"drawMode":0,"name":"Shaded","section":"Shading Mode"},"sceneLighting":true,"audioPlay":false,"sceneViewState":{"m_AlwaysRefresh":false,"showFog":true,"showSkybox":true,"showFlares":true,"showImageEffects":true,"showParticleSystems":true,"showVisualEffectGraphs":true,"m_FxEnabled":true},"in2DMode":false,"pivot":{"x":0.444169282913208,"y":1.7258706092834473,"z":-9.032414436340332},"rotation":{"x":0.2171299308538437,"y":-0.030740784481167795,"z":0.0068409075029194359,"w":0.9755529761314392},"size":0.7557000517845154,"orthographic":false}