{"cameraMode":{"drawMode":0,"name":"Shaded","section":"Shading Mode"},"sceneLighting":true,"audioPlay":false,"sceneViewState":{"m_AlwaysRefresh":false,"showFog":true,"showSkybox":true,"showFlares":true,"showImageEffects":true,"showParticleSystems":true,"showVisualEffectGraphs":true,"m_FxEnabled":true},"in2DMode":false,"pivot":{"x":1.3154990673065186,"y":0.7244591116905212,"z":-5.8709235191345219},"rotation":{"x":0.13596779108047486,"y":-0.6403162479400635,"z":0.11643993854522705,"w":0.7468417882919312},"size":0.8212510347366333,"orthographic":false}