{"cameraMode":{"drawMode":0,"name":"Shaded","section":"Shading Mode"},"sceneLighting":true,"audioPlay":false,"sceneViewState":{"m_AlwaysRefresh":false,"showFog":true,"showSkybox":true,"showFlares":true,"showImageEffects":true,"showParticleSystems":true,"showVisualEffectGraphs":true,"m_FxEnabled":true},"in2DMode":false,"pivot":{"x":0.07171772420406342,"y":0.3691806495189667,"z":-4.815319538116455},"rotation":{"x":0.10385136306285858,"y":-0.658488392829895,"z":0.09244583547115326,"w":0.7395136952400208},"size":0.2660253643989563,"orthographic":false}