{"cameraMode":{"drawMode":0,"name":"Shaded","section":"Shading Mode"},"sceneLighting":false,"audioPlay":false,"sceneViewState":{"m_AlwaysRefresh":false,"showFog":true,"showSkybox":false,"showFlares":true,"showImageEffects":true,"showParticleSystems":true,"showVisualEffectGraphs":true,"m_FxEnabled":true},"in2DMode":false,"pivot":{"x":-0.037572745233774188,"y":0.21962641179561616,"z":0.40549975633621218},"rotation":{"x":0.11027739197015763,"y":-0.09377915412187576,"z":0.01045216154307127,"w":0.9894043207168579},"size":0.2660253643989563,"orthographic":false}